External Ref,Player Name,Role,Base Price,Pool,Country,IPL Team,Playing Style,Matches,Runs,Batting Average,Highest Score,Strike Rate,Wickets,Economy,Best Bowling Wickets,Best Bowling Runs
ms-dhoni,MS DHONI,WICKET KEEPER,20000000,POT 01 · MARQUEE 1,INDIA,CHENNAI SUPER KINGS,WICKET KEEPER BATTER,278,5439,38.30,84,,,,,
mohammad-shami,MOHAMMAD SHAMI,BOWLER,20000000,POT 01 · MARQUEE 1,INDIA,LUCKNOW SUPER GIANTS,RIGHT ARM FAST BOWLER,132,,,,,145,8.69,4,11
shubhman-gill,SHUBHMAN GILL,BATTER,20000000,POT 01 · MARQUEE 1,INDIA,GUJARAT TITANS,RIGHT HAND BATSMAN,134,4598,40.33,129,,,,,
rishabh-pant,RISHABH PANT,WICKET KEEPER,20000000,POT 01 · MARQUEE 1,INDIA,LUCKNOW SUPER GIANTS,WICKET KEEPER BATTER,139,3865,33.61,128,,,,,
rohit-sharma,ROHIT SHARMA,BATTER,20000000,POT 01 · MARQUEE 1,INDIA,MUMBAI INDIANS,RIGHT HAND BATSMAN,281,7329,29.98,109,,,,,
kl-rahul,KL RAHUL,WICKET KEEPER,20000000,POT 01 · MARQUEE 1,INDIA,DELHI CAPITALS,WICKET KEEPER BATTER,159,5815,46.15,152,,,,,
david-warner,DAVID WARNER,BATTER,20000000,POT 01 · MARQUEE 1,AUSTRALIA,DELHI CAPITALS,LEFT HAND BATSMAN,184,6565,40.52,126,,,,,
hardik-pandya,HARDIK PANDYA,ALL ROUNDER,20000000,POT 01 · MARQUEE 1,INDIA,MUMBAI INDIANS,ALL ROUNDER,162,2955,27.88,91,,,,,
mitchell-starc,MITCHELL STARC,BOWLER,20000000,POT 01 · MARQUEE 1,AUSTRALIA,DELHI CAPITALS,LEFT ARM FAST BOWLER,58,,,,,76,8.82,5,35
surya-kumar-yadav,SURYA KUMAR YADAV,BATTER,20000000,POT 01 · MARQUEE 1,INDIA,MUMBAI INDIANS,RIGHT HAND BATSMAN,179,4581,33.44,103,,,,,
virat-kohli,VIRAT KOHLI,BATTER,20000000,POT 01 · MARQUEE 1,INDIA,ROYAL CHALLENGERS BENGALURU,RIGHT HAND BATSMAN,283,9336,40.42,113,,,,,
jasprit-bumrah,JASPRIT BUMRAH,BOWLER,20000000,POT 01 · MARQUEE 1,INDIA,MUMBAI INDIANS,RIGHT ARM FAST BOWLER,158,,,,,187,7.34,5,10
shreyas-iyer,SHREYAS IYER,BATTER,20000000,POT 01 · MARQUEE 1,INDIA,PUNJAB KINGS,RIGHT HAND BATSMAN,147,4229,35.84,101,,,,,
ravindra-jadeja,RAVINDRA JADEJA,ALL ROUNDER,20000000,POT 01 · MARQUEE 1,INDIA,RAJASTHAN ROYALS,ALL ROUNDER,268,3525,29.38,,,160,7.71,5,16
pat-cummins,PAT CUMMINS,BOWLER,20000000,POT 01 · MARQUEE 1,AUSTRALIA,SUNRISERS HYDERABAD,RIGHT ARM FAST BOWLER,80,642,19.45,,,87,8.89,4,34
ishan-kishan,ISHAN KISHAN,WICKET KEEPER,20000000,POT 02 · MARQUEE 2,INDIA,SUNRISERS HYDERABAD,WICKET KEEPER BATTER,134,3600,30.51,106,,,,,
kagiso-rabada,KAGISO RABADA,BOWLER,20000000,POT 02 · MARQUEE 2,SOUTH AFRICA,GUJARAT TITANS,RIGHT ARM FAST BOWLER,101,,,,,148,8.81,4,21
sanju-samson,SANJU SAMSON,BATTER,20000000,POT 02 · MARQUEE 2,INDIA,CHENNAI SUPER KINGS,RIGHT HAND BATSMAN,191,5181,31.79,119,,,,,
sunil-narine,SUNIL NARINE,BOWLER,20000000,POT 02 · MARQUEE 2,WEST INDIES,KOLKATA KNIGHT RIDERS,RIGHT ARM MYSTERY BOWLER,202,1820,17.33,,,207,6.80,5,19
mohammad-siraj,MOHAMMED SIRAJ,BOWLER,20000000,POT 02 · MARQUEE 2,INDIA,GUJARAT TITANS,RIGHT ARM FAST BOWLER,125,,,,,128,8.78,4,21
bhuvneshwar-kumar,BHUVNESHWAR KUMAR,BOWLER,20000000,POT 02 · MARQUEE 2,INDIA,ROYAL CHALLENGERS BENGALURU,RIGHT ARM FAST BOWLER,202,,,,,223,7.74,5,19
axar-patel,AXAR PATEL,BOWLER,20000000,POT 02 · MARQUEE 2,INDIA,DELHI CAPITALS,LEFT ARM SPINNER,176,2089,21.76,,,139,7.41,4,21
glenn-maxwell,GLENN MAXWELL,ALL ROUNDER,20000000,POT 02 · MARQUEE 2,AUSTRALIA,PUNJAB KINGS,ALL ROUNDER,141,3990,33.81,,,41,8.30,2,15
quinton-de-cock,QUITON DE KOCK,WICKET KEEPER,20000000,POT 02 · MARQUEE 2,SOUTH AFRICA,MUMBAI INDIANS,WICKET KEEPER BATTER,118,3441,31.57,140,,,,,
jos-buttler,JOS BUTTLER,WICKET KEEPER,20000000,POT 02 · MARQUEE 2,ENGLAND,RAJASTHAN ROYALS,WICKET KEEPER BATTER,138,4646,39.71,124,,,,,
rashid-khan,RASHID KHAN,BOWLER,20000000,POT 02 · MARQUEE 2,AFGHANISTAN,GUJARAT TITANS,RIGHT ARM LEG SPINNER,153,635,13.80,,,179,7.29,4,24
abhishek-sharma,ABHISHEK SHARMA,BATTER,20000000,POT 03 · CAPPED BATSAMAN 1,INDIA,SUNRISERS HYDERABAD,LEFT HAND BATSMAN,92,1377,25.50,,,11,8.64,2,24
yashasvi-jaiswal,YASHASVI JAISWAL,BATTER,20000000,POT 03 · CAPPED BATSAMAN 1,INDIA,RAJASTHAN ROYALS,LEFT HAND BATSMAN,83,2593,33.68,124,,,,,
devon-conway,DEVON CONVAY,BATTER,10000000,POT 03 · CAPPED BATSAMAN 1,NEW ZEALAND,CHENNAI SUPER KINGS,LEFT HAND BATSMAN,29,1080,43.20,92,,,,,
david-miller,DAVID MILLER,BATTER,20000000,POT 03 · CAPPED BATSAMAN 1,SOUTH AFRICA,DELHI CAPITALS,LEFT HAND BATSMAN,152,3288,35.74,101,,,,,
rinku-singh,RINKU SINGH,BATTER,20000000,POT 03 · CAPPED BATSAMAN 1,INDIA,KOLKATA KNIGHT RIDERS,LEFT HAND BATSMAN,73,1394,34.00,83,,,,,
travis-head,TRAVIS HEAD RAVIS,BATTER,20000000,POT 03 · CAPPED BATSAMAN 1,AUSTRALIA,SUNRISERS HYDERABAD,LEFT HAND BATSMAN,53,1556,32.42,102,,,,,
tilak-verma,TILAK VERMA,BATTER,20000000,POT 03 · CAPPED BATSAMAN 1,INDIA,MUMBAI INDIANS,LEFT HAND BATSMAN,68,1858,35.73,101,,,,,
faf-du-plessis,FAF DU PLESSIS,BATTER,20000000,POT 03 · CAPPED BATSAMAN 1,SOUTH AFRICA,ROYAL CHALLENGERS BENGALURU,RIGHT HAND BATSMAN,155,4773,35.10,96,,,,,
ruturaj-gaikwad,RUTURAJ GAIKWAD,BATTER,20000000,POT 03 · CAPPED BATSAMAN 1,INDIA,CHENNAI SUPER KINGS,RIGHT HAND BATSMAN,85,2839,38.36,108,,,,,
vaibhav-sooryavanshi,VAIBHAV SOORYAVANSHI,BATTER,20000000,POT 03 · CAPPED BATSAMAN 1,INDIA,RAJASTHAN ROYALS,LEFT HAND BATSMAN,23,1028,44.70,103,,,,,
liam-livingstone,LIAM LIVINGSTONE,ALL ROUNDER,15000000,POT 04 · CAPPED ALLROUNDERS 1,ENGLAND,SUNRISERS HYDERABAD,ALL ROUNDER,51,1066,25.38,,,13,9.02,3,27
tim-david,TIM DAVID,ALL ROUNDER,20000000,POT 04 · CAPPED ALLROUNDERS 1,AUSTRALIA,ROYAL CHALLENGERS BENGALURU,ALL ROUNDER,66,1151,32.89,70,,,,,
adam-markram,AIDEN MARKRAM,ALL ROUNDER,20000000,POT 04 · CAPPED ALLROUNDERS 1,SOUTH AFRICA,LUCKNOW SUPER GIANTS,ALL ROUNDER,69,1671,30.38,,,6,9.40,2,30
sam-curran,SAM CURRAN,ALL ROUNDER,20000000,POT 04 · CAPPED ALLROUNDERS 1,ENGLAND,RAJASTHAN ROYALS,ALL ROUNDER,64,997,24.92,,,59,9.74,4,11
rachin-ravindra,RACHIN RAVINDRA,ALL ROUNDER,15000000,POT 04 · CAPPED ALLROUNDERS 1,NEW ZEALAND,KOLKATA KNIGHT RIDERS,ALL ROUNDER,18,413,24.29,,,,3.50,0,3
cameron-green,CAMERON GREEN,ALL ROUNDER,20000000,POT 04 · CAPPED ALLROUNDERS 1,AUSTRALIA,KOLKATA KNIGHT RIDERS,ALL ROUNDER,43,1029,38.11,,,23,9.44,2,12
andre-russell,ANDRE RUSSELL,ALL ROUNDER,20000000,POT 04 · CAPPED ALLROUNDERS 1,WEST INDIES,KOLKATA KNIGHT RIDERS,ALL ROUNDER,140,2651,28.20,,,123,9.51,5,15
gerald-coetezze,GERALD COETZEE,BOWLER,10000000,POT 05 · CAPPED BOWLERS,SOUTH AFRICA,SUNRISERS HYDERABAD,RIGHT ARM FAST BOWLER,14,31,5.17,,,15,10.37,4,4
yuzvendra-chahal,YUZVENDRA CHAHAL,BOWLER,20000000,POT 05 · CAPPED BOWLERS,INDIA,PUNJAB KINGS,RIGHT ARM LEG SPINNER,188,,,,,233,8.05,5,40
kuldeep-yadav,KULDEEP YADAV,BOWLER,20000000,POT 05 · CAPPED BOWLERS,INDIA,DELHI CAPITALS,LEFT ARM CHINAMAN,110,,,,,112,8.26,4,14
ravi-bishnoi,RAVI BISHNOI,BOWLER,15000000,POT 05 · CAPPED BOWLERS,INDIA,LUCKNOW SUPER GIANTS,RIGHT ARM LEG SPINNER,86,,,,,83,8.36,4,41
matheesha-pathirana,MATHEESHA PATHIRANA,BOWLER,10000000,POT 05 · CAPPED BOWLERS,SRI LANKA,KOLKATA KNIGHT RIDERS,RIGHT ARM FAST BOWLER,33,,,,,47,8.63,4,28
anrich-nortje,ANRICH NORTJE,BOWLER,10000000,POT 05 · CAPPED BOWLERS,SOUTH AFRICA,LUCKNOW SUPER GIANTS,RIGHT ARM FAST BOWLER,49,,,,,61,9.09,3,33
mark-wood,MARK WOOD,BOWLER,20000000,POT 05 · CAPPED BOWLERS,ENGLAND,LUCKNOW SUPER GIANTS,RIGHT ARM FAST BOWLER,5,,,,,11,8.95,5,14
maheesh-theekshana,MAHEESH THEEKSHANA,BOWLER,15000000,POT 05 · CAPPED BOWLERS,SRI LANKA,RAJASTHAN ROYALS,RIGHT ARM MYSTERY SPINNER,38,,,,,36,8.27,4,33
josh-hazlewood,JOSH HAZELWOOD,BOWLER,20000000,POT 05 · CAPPED BOWLERS,AUSTRALIA,ROYAL CHALLENGERS BENGALURU,RIGHT ARM FAST BOWLER,52,,,,,72,8.62,4,12
trent-boult,TRENT BOULT,BOWLER,20000000,POT 05 · CAPPED BOWLERS,NEW ZEALAND,MUMBAI INDIANS,LEFT ARM FAST BOWLER,125,,,,,145,8.49,4,18
varun-chakravarthy,VARUN CHAKRAVARTHY,BOWLER,15000000,POT 05 · CAPPED BOWLERS,INDIA,KOLKATA KNIGHT RIDERS,RIGHT ARM MYSTERY SPINNER,95,,,,,111,7.72,5,20
arshdeep-singh,ARSHDEEP SINGH,BOWLER,20000000,POT 05 · CAPPED BOWLERS,INDIA,PUNJAB KINGS,LEFT ARM FAST BOWLER,96,,,,,111,9.19,5,32
navdeep-saini,NAVDEEP SAINI,BOWLER,10000000,POT 05 · CAPPED BOWLERS,INDIA,KOLKATA KNIGHT RIDERS,RIGHT ARM FAST BOWLER,34,,,,,23,8.97,3,40
ishant-sharma,ISHANT SHARMA,BOWLER,10000000,POT 05 · CAPPED BOWLERS,INDIA,GUJARAT TITANS,RIGHT ARM FAST BOWLER,117,,,,,97,8.36,5,12
akash-deep,AKASH DEEP,BOWLER,10000000,POT 05 · CAPPED BOWLERS,INDIA,KOLKATA KNIGHT RIDERS,RIGHT ARM FAST BOWLER,14,,,,,10,11.83,3,45
jonny-bairstow,JONNY BAIRSTOW,WICKET KEEPER,10000000,POT 06 · CAPPED WICKET KEEPERS,ENGLAND,MUMBAI INDIANS,WICKET KEEPER BATTER,52,1674,34.88,,,0,,,
henrich-klassen,HEINRICH KLAASEN,WICKET KEEPER,20000000,POT 06 · CAPPED WICKET KEEPERS,SOUTH AFRICA,SUNRISERS HYDERABAD,WICKET KEEPER BATTER,64,2104,42.08,,,0,,,
nicholas-pooran,NICHOLAS POORAN,WICKET KEEPER,20000000,POT 06 · CAPPED WICKET KEEPERS,WEST INDIES,LUCKNOW SUPER GIANTS,WICKET KEEPER BATTER,104,2527,31.59,,,0,,,
dhruv-jurel,DHRUV JUREL,WICKET KEEPER,20000000,POT 06 · CAPPED WICKET KEEPERS,INDIA,RAJASTHAN ROYALS,WICKET KEEPER BATTER,57,1195,31.45,,,0,,,
jitesh-sharma,JITESH SHARMA,WICKET KEEPER,15000000,POT 06 · CAPPED WICKET KEEPERS,INDIA,ROYAL CHALLENGERS BENGALURU,WICKET KEEPER BATTER,71,1107,23.06,,,0,,,
phil-salt,PHIL SALT,WICKET KEEPER,15000000,POT 06 · CAPPED WICKET KEEPERS,ENGLAND,ROYAL CHALLENGERS BENGALURU,WICKET KEEPER BATTER,40,1258,34.00,,,0,,,
glenn-phillips,GLENN PHILIPPS,WICKET KEEPER,10000000,POT 06 · CAPPED WICKET KEEPERS,NEW ZEALAND,GUJARAT TITANS,WICKET KEEPER BATTER,14,132,12,,,2,8.00,1,10
prithvi-shaw,PRITHVI SHAW,BATTER,10000000,POT 07 · CAPPED BATSMAN 2,INDIA,DELHI CAPITALS,RIGHT HAND BATSMAN,79,1892,23.95,99,,,,,
manish-pandey,MANISH PANDEY,BATTER,10000000,POT 07 · CAPPED BATSMAN 2,INDIA,KOLKATA KNIGHT RIDERS,RIGHT HAND BATSMAN,180,4012,29.50,114,,,,,
ajinkya-rahane,AJINKYA RAHANE,BATTER,20000000,POT 07 · CAPPED BATSMAN 2,INDIA,KOLKATA KNIGHT RIDERS,RIGHT HAND BATSMAN,212,5364,30.15,105,,,,,
sai-sudarshan,SAI SUDHARSHAN,BATTER,15000000,POT 07 · CAPPED BATSMAN 2,INDIA,GUJARAT TITANS,LEFT HAND BATSMAN,57,2515,48.37,108,,,,,
rajat-patidar,RAJAT PATIDHAR,BATTER,20000000,POT 07 · CAPPED BATSMAN 2,INDIA,ROYAL CHALLENGERS BENGALURU,RIGHT HAND BATSMAN,57,1612,33.58,112,,,,,
shimron-hetmyer,SHIMRON HETMEYER,BATTER,15000000,POT 07 · CAPPED BATSMAN 2,WEST INDIES,RAJASTHAN ROYALS,LEFT HAND BATSMAN,94,1567,27.39,75,,,,,
marcus-stoinis,MARCUS STOINIS,ALL ROUNDER,15000000,POT 07 · CAPPED BATSMAN 2,AUSTRALIA,PUNJAB KINGS,ALL ROUNDER,122,2242,28.74,,,46,9.93,4,15
dewald-brewis,DEWALD BREVIS,BATTER,15000000,POT 07 · CAPPED BATSMAN 2,SOUTH AFRICA,CHENNAI SUPER KINGS,RIGHT HAND BATSMAN,27,606,25.25,57,,,,,
shivam-dube,SHIVAM DUBE,ALL ROUNDER,20000000,POT 08 · CAPPED ALL ROUNDER - 2,INDIA,CHENNAI SUPER KINGS,ALL ROUNDER,92,2129,31.31,,,6,10.79,2,15
washington-sundar,WASHINGTON SUNDAR,ALL ROUNDER,15000000,POT 08 · CAPPED ALL ROUNDER - 2,INDIA,GUJARAT TITANS,ALL ROUNDER,83,888,21.14,,,40,7.77,3,16
krunal-pandya,KRUNAL PANDYA,ALL ROUNDER,20000000,POT 08 · CAPPED ALL ROUNDER - 2,INDIA,ROYAL CHALLENGERS BENGALURU,ALL ROUNDER,158,1982,22.78,,,107,7.58,4,45
will-jacks,WILL JACKS,ALL ROUNDER,20000000,POT 08 · CAPPED ALL ROUNDER - 2,ENGLAND,MUMBAI INDIANS,ALL ROUNDER,28,602,27.36,,,10,9.86,2,14
mitchell-santner,MITCHELL SANTNER,ALL ROUNDER,15000000,POT 08 · CAPPED ALL ROUNDER - 2,NEW ZEALAND,MUMBAI INDIANS,ALL ROUNDER,34,136,17,,,29,7.38,3,11
kyle-mayers,KYLE MAYERS,ALL ROUNDER,10000000,POT 08 · CAPPED ALL ROUNDER - 2,WEST INDIES,LUCKNOW SUPER GIANTS,ALL ROUNDER,13,379,29.15,,,,8.43,0,4
romario-shepherd,ROMARIO SHEPHERD,ALL ROUNDER,10000000,POT 08 · CAPPED ALL ROUNDER - 2,WEST INDIES,ROYAL CHALLENGERS BENGALURU,ALL ROUNDER,33,268,24.36,,,17,11.77,3,54
nitish-kumar-reddy,NITISH KUMAR REDDY,ALL ROUNDER,20000000,POT 08 · CAPPED ALL ROUNDER - 2,INDIA,SUNRISERS HYDERABAD,ALL ROUNDER,42,787,29.15,76,,,,,
dasun-shanaka,DASUN SHANAKA,ALL ROUNDER,10000000,POT 08 · CAPPED ALL ROUNDER - 2,SRI LANKA,RAJASTHAN ROYALS,ALL ROUNDER,10,89,12.71,,,,,,
wanindu-hasaranga,WANINDU HASARANGA,BOWLER,10000000,POT 09 · CAPPED BOWLERS - 2,SRI LANKA,LUCKNOW SUPER GIANTS,RIGHT ARM LEG SPINNERS,37,81,5.40,,,46,8.41,5,18
umesh-yadav,UMESH YADAV,BOWLER,10000000,POT 09 · CAPPED BOWLERS - 2,INDIA,GUJARAT TITANS,RIGHT ARM FAST BOWLER,148,,,,,144,8.49,4,23
mukesh-kumar,MUKESH KUMAR,BOWLER,2000000,POT 09 · CAPPED BOWLERS - 2,INDIA,,,42,,,,,42,10.59,4,33
marco-yansen,MARCO JANSEN,BOWLER,10000000,POT 09 · CAPPED BOWLERS - 2,SOUTH AFRICA,PUNJAB KINGS,LEFT ARM FAST BOWLER,48,192,12.87,,,45,9.63,3,17
deepak-chahar,DEEPAK CHAHAR,BOWLER,15000000,POT 09 · CAPPED BOWLERS - 2,INDIA,MUMBAI INDIANS,RIGHT ARM FAST BOWLER,103,,,,,96,8.3,4,13
harshal-patel,HARSHAL PATEL,BOWLER,15000000,POT 09 · CAPPED BOWLERS - 2,INDIA,SUNRISERS HYDERABAD,RIGHT ARM FAST BOWLER,124,,,,,151,8.92,5,27
naveen-ul-haq,NAVEEN UL HAQ,BOWLER,10000000,POT 09 · CAPPED BOWLERS - 2,AFGHANISTAN,LUCKNOW SUPER GIANTS,RIGHT ARM FAST BOWLER,18,,,,,25,9.16,4,38
noor-ahmed,NOOR AHMAD,BOWLER,15000000,POT 09 · CAPPED BOWLERS - 2,AFGHANISTAN,CHENNAI SUPER KINGS,LEFT ARM SPINNER,51,,,,,61,8.17,4,18
tim-southee,TIM SOUTHEE,BOWLER,15000000,POT 09 · CAPPED BOWLERS - 2,NEW ZEALAND,KOLKATA KNIGHT RIDERS,RIGHT ARM FAST BOWLER,54,,,,,47,8.67,3,20
rahmanullah-gurbaaz,RAHMANULLAH GURBAZ,WICKET KEEPER,15000000,POT 10 · CAPPED WICKET KEEPERS - 2,AFGHANISTAN,KOLKATA KNIGHT RIDERS,WICKET KEEPER BATTER,19,363,21.35,81,,,,,
ks-bharat,KS BHARAT,WICKET KEEPER,5000000,POT 10 · CAPPED WICKET KEEPERS - 2,INDIA,KOLKATA KNIGHT RIDERS,WICKET KEEPER BATTER,10,199,28.43,78,,,,,
josh-inglis,JOSH INGLIS,WICKET KEEPER,10000000,POT 10 · CAPPED WICKET KEEPERS - 2,AUSTRALIA,LUCKNOW SUPER GIANTS,WICKET KEEPER BATTER,16,544,38.86,85,,,,,
tristan-stubbs,TRISTAN STUBBS,WICKET KEEPER,10000000,POT 10 · CAPPED WICKET KEEPERS - 2,SOUTH AFRICA,DELHI CAPITALS,WICKET KEEPER BATTER,46,980,39.20,,,4,11.50,2,11
donovan-ferreira,DONOVAN FERREIRA,WICKET KEEPER,10000000,POT 10 · CAPPED WICKET KEEPERS - 2,SOUTH AFRICA,RAJASTHAN ROYALS,WICKET KEEPER BATTER,18,326,27.17,69,,,,,
mayan-agarwal,MAYANK AGARWAL,BATTER,10000000,POT 11 · CAPPED BATSMAN,INDIA,ROYAL CHALLENGERS BENGALURU,RIGHT HAND BATSMAN,131,2760,23.00,106,,,,,
chris-lynn,CHRIS LYNN,BATTER,10000000,POT 11 · CAPPED BATSMAN,AUSTRALIA,MUMBAI INDIANS,RIGHT HAND BATSMAN,42,1329,34.07,93,,,,,
devdutt-paddikal,DEVDUTT PADIKKAL,BATTER,15000000,POT 11 · CAPPED BATSMAN,INDIA,ROYAL CHALLENGERS BENGALURU,LEFT HAND BATSMAN,90,2270,26.71,101,,,,,
steve-smith,STEVE SMITH,BATTER,15000000,POT 11 · CAPPED BATSMAN,AUSTRALIA,DELHI CAPITALS,RIGHT HAND BATSMAN,103,2485,34.51,101,,,,,
pathum-nissanka,PATHUM NISSANKA,BATTER,10000000,POT 11 · CAPPED BATSMAN,SRI LANKA,DELHI CAPITALS,RIGHT HAND BATSMAN,10,278,27.80,62,,,,,
finn-allen,FINN ALLEN,BATTER,10000000,POT 11 · CAPPED BATSMAN,NEW ZEALAND,KOLKATA KNIGHT RIDERS,RIGHT HAND BATSMAN,11,349,34.90,100,,,,,
rahul-chahar,RAHUL CHAHAR,BOWLER,10000000,POT 12 · CAPPED BOWLERS,INDIA,CHENNAI SUPER KINGS,RIGHT ARM SPINNER,80,,,,,75,7.79,4,27
lockie-ferguson,LOCKIE FERGUSON,BOWLER,10000000,POT 12 · CAPPED BOWLERS,NEW ZEALAND,PUNJAB KINGS,RIGHT ARM FAST BOWLER,52,,,,,52,9.21,4,28
alzarri-joseph,ALZARRI JOSEPH,BOWLER,10000000,POT 12 · CAPPED BOWLERS,WEST INDIES,ROYAL CHALLENGERS BENGALURU,RIGHT ARM FAST BOWLER,22,,,,,21,9.55,6,12
khaleel-ahmed,KHALEEL AHMED,BOWLER,10000000,POT 12 · CAPPED BOWLERS,INDIA,CHENNAI SUPER KINGS,LEFT ARM FAST BOWLER,76,,,,,91,8.96,3,21
mohit-sharma,MOHIT SHARMA,BOWLER,10000000,POT 12 · CAPPED BOWLERS,INDIA,GUJARAT TITANS,RIGHT ARM FAST BOWLER,120,,,,,134,8.77,5,10
avesh-khan,AVESH KHAN,BOWLER,10000000,POT 12 · CAPPED BOWLERS,INDIA,LUCKNOW SUPER GIANTS,RIGHT ARM FAST BOWLER,82,,,,,93,9.28,4,24
prasidh-krishna,PRASIDH KRISHNA,BOWLER,15000000,POT 12 · CAPPED BOWLERS,INDIA,GUJARAT TITANS,RIGHT ARM FAST BOWLER,78,,,,,90,8.99,4,28
umran-malik,UMRAN MALIK,BOWLER,5000000,POT 12 · CAPPED BOWLERS,INDIA,KOLKATA KNIGHT RIDERS,RIGHT ARM FAST BOWLER,26,,,,,29,9.39,5,25
joshua-little,JOSHUA LITTLE,BOWLER,5000000,POT 12 · CAPPED BOWLERS,IRELAND,GUJARAT TITANS,LEFT ARM FAST BOWLER,11,,,,,11,8.92,4,45
mustafizur-rahman,MUSTAFIZUR RAHMAN,BOWLER,10000000,POT 12 · CAPPED BOWLERS,BANGLADESH,CHENNAI SUPER KINGS,LEFT ARM FAST BOWLER,60,,,,,65,8.13,4,29
chris-woakes,CHRIS WOAKES,ALL ROUNDER,15000000,POT 13 · CAPPED FOREIGNERS,ENGLAND,PUNJAB KINGS,ALL ROUNDER,21,78,13.00,,,30,8.97,3,36
keshav-maharaj,KESHAV MAHARAJ,BOWLER,15000000,POT 13 · CAPPED FOREIGNERS,SOUTH AFRICA,MUMBAI INDIANS,LEFT ARM ORTHODOX SPINNER,2,1,1,,,2,6.5,2,23
jimmy-neesham,JIMMY NEESHAM,ALL ROUNDER,10000000,POT 13 · CAPPED FOREIGNERS,NEW ZEALAND,RAJASTHAN ROYALS,ALL ROUNDER,14,92,10.22,,,8,9.28,3,12
hayden-kerr,HAYDEN KERR,ALL ROUNDER,5000000,POT 13 · CAPPED FOREIGNERS,AUSTRALIA,,ALL ROUNDER,,,,,,,,,
gus-atkinson,GUS ATKINSON,BOWLER,5000000,POT 13 · CAPPED FOREIGNERS,ENGLAND,,RIGHT ARM FAST BOWLER,,,,,,,,,
moises-henriques,MOISES HENRIQUES,ALL ROUNDER,10000000,POT 13 · CAPPED FOREIGNERS,AUSTRALIA,PUNJAB KINGS,ALL ROUNDER,62,1000,27.78,,,42,8.14,3,12
david-willey,DAVID WILLEY,ALL ROUNDER,10000000,POT 13 · CAPPED FOREIGNERS,ENGLAND,ROYAL CHALLENGERS BENGALURU,ALL ROUNDER,11,53,26.50,,,6,7.56,2,16
nitish-rana,NITISH RANA,ALL ROUNDER,15000000,POT 14 · CAPPED ALLROUNDERS,INDIA,DELHI CAPITALS,ALL ROUNDER,127,3078,27.48,,,10,9.03,2,11
daryl-mitchell,DARYL MITCHELL,ALL ROUNDER,10000000,POT 14 · CAPPED ALLROUNDERS,NEW ZEALAND,CHENNAI SUPER KINGS,ALL ROUNDER,15,351,25.07,,,1,12.12,1,18
mohammad-nabi,MOHAMMAD NABI,ALL ROUNDER,10000000,POT 14 · CAPPED ALLROUNDERS,AFGHANISTAN,MUMBAI INDIANS,ALL ROUNDER,24,215,13.44,,,15,7.44,4,11
riyan-parag,RIYAN PARAG,ALL ROUNDER,15000000,POT 14 · CAPPED ALLROUNDERS,INDIA,RAJASTHAN ROYALS,ALL ROUNDER,98,1875,25.68,,,9,9.69,1,5
deepak-hooda,DEEPAK HOODA,ALL ROUNDER,10000000,POT 14 · CAPPED ALLROUNDERS,INDIA,CHENNAI SUPER KINGS,ALL ROUNDER,125,1496,17.6,,,10,8.64,2,16
shardul-thakur,SHARDUL THAKUR,ALL ROUNDER,15000000,POT 14 · CAPPED ALLROUNDERS,INDIA,MUMBAI INDIANS,ALL ROUNDER,114,349,11.63,,,119,9.57,4,34
venkadesh-iyer,VENKATESH IYER,ALL ROUNDER,15000000,POT 14 · CAPPED ALLROUNDERS,INDIA,ROYAL CHALLENGERS BENGALURU,ALL ROUNDER,69,1677,31.64,,,3,10.59,2,29
harshit-rana,HARSHIT RANA,BOWLER,20000000,POT 15 · CAPPED INDIANS,INDIA,KOLKATA KNIGHT RIDERS,RIGHT ARM MEDIUM FAST BOWLER,34,,,,,40,9.51,3,24
sandeep-sharma,SANDEEP SHARMA,BOWLER,10000000,POT 15 · CAPPED INDIANS,INDIA,RAJASTHAN ROYALS,RIGHT ARM MEDIUM BOWLER,143,,,,,151,8.16,5,18
piyush-chawla,PIYUSH CHAWLA,ALL ROUNDER,10000000,POT 15 · CAPPED INDIANS,INDIA,MUMBAI INDIANS,ALL ROUNDER,192,,,,,192,7.96,4,17
karn-sharma,KARN SHARMA,ALL ROUNDER,5000000,POT 15 · CAPPED INDIANS,INDIA,MUMBAI INDIANS,ALL ROUNDER,90,351,8.37,13.50,,,,,
sarfaraz-khan,SARFARAZ KHAN,BATTER,5000000,POT 15 · CAPPED INDIANS,INDIA,CHENNAI SUPER KINGS,RIGHT HAND BATSMAN,58,746,22.61,67,,,,,
mayank-markhande,MAYANK MARKHANDE,BOWLER,5000000,POT 15 · CAPPED INDIANS,INDIA,MUMBAI INDIANS,RIGHT ARM LEG SPIN BOWLER,40,,,,,40,9.16,4,15
t-natrajan,T. NATARAJAN,BOWLER,10000000,POT 15 · CAPPED INDIANS,INDIA,DELHI CAPITALS,LEFT ARM PACE BOWLER,73,,,,,72,9.21,4,19
mayank-yadav,MAYANK YADAV,BOWLER,10000000,POT 15 · CAPPED INDIANS,INDIA,LUCKNOW SUPER GIANTS,RIGHT ARM FAST BOWLER,10,,,,,9,10.15,3,14
jayant-yadav,JAYANT YADAV,BOWLER,7500000,POT 15 · CAPPED INDIANS,INDIA,GUJARAT TITANS,RIGHT HAND OFF SPINNER,20,,,,,8,6.84,1,8
vijay-shankar,VIJAY SHANKAR,ALL ROUNDER,10000000,POT 15 · CAPPED INDIANS,INDIA,CHENNAI SUPER KINGS,ALL ROUNDER,78,1233,26.23,,,9,8.67,2,19
anshul-kamboj,ANSHUL KAMBOJ,ALL ROUNDER,10000000,POT 15 · CAPPED INDIANS,INDIA,CHENNAI SUPER KINGS,ALL ROUNDER,23,,,,,19,9.08,2,30
ashutosh-sharma,ASHOK SHARMA,ALL ROUNDER,10000000,POT 15 · CAPPED INDIANS,INDIA,DELHI CAPITALS,ALL ROUNDER,6,,,,,6,10.86,2,32
reece-topley,REECE TOPLEY,BOWLER,10000000,POT 16 · CAPPED FOREIGN,ENGLAND,MUMBAI INDIANS,LEFT ARM FAST BOWLER,6,,,,,6,11.10,2,27
fazalhaq-farooqi,FAZALHAQ FAROOQI,BOWLER,10000000,POT 16 · CAPPED FOREIGN,AFGHANISTAN,RAJASTHAN ROYALS,LEFT ARM FAST BOWLER,12,,,,,6,10.32,2,32
dwayne-pretorius,DWAYNE PRETORIUS,ALL ROUNDER,10000000,POT 16 · CAPPED FOREIGN,SOUTH AFRICA,CHENNAI SUPER KINGS,ALL ROUNDER,7,44,11.00,,,6,9.52,2,30
kyle-jameison,KYLE JAMEISON,BOWLER,10000000,POT 16 · CAPPED FOREIGN,NEW ZEALAND,DELHI CAPITALS,RIGHT ARM FAST BOWLER,15,,,,,16,10.12,3,41
richard-glesson,RICHARD GLEESON,BOWLER,5000000,POT 16 · CAPPED FOREIGN,ENGLAND,ROYAL CHALLENGERS BENGALURU,RIGHT ARM FAST BOWLER,3,,,,,3,9.71,1,30
azmatullah-omarzai,AZMATULLAH OMARZAI,BOWLER,10000000,POT 16 · CAPPED FOREIGN,AFGHANISTAN,PUNJAB KINGS,RIGHT ARM FAST BOWLER,19,151,15.10,,,15,9.63,2,27
kc-cariappa,KC CARIAPPA,BOWLER,2000000,POT 17 · UNCAPPED INDIANS - 3,INDIA,RAJASTHAN ROYALS,RIGHT ARM LEG SPIN,11,,,,,11,9.66,2,16
ankit-choudhary,ANIKET CHOUDHARY,BOWLER,2000000,POT 17 · UNCAPPED INDIANS - 3,INDIA,,LEFT ARM FAST BOWLER,5,,,,,5,8.55,2,17
mahipal-lomror,MAHIPAL LOMROR,ALL ROUNDER,2000000,POT 17 · UNCAPPED INDIANS - 3,INDIA,MUMBAI INDIANS,ALL ROUNDER,40,527,18.17,54,,,,,
moshin-khan,MOHSIN KHAN,BOWLER,2000000,POT 17 · UNCAPPED INDIANS - 3,INDIA,LUCKNOW SUPER GIANTS,LEFT ARM FAST BOWLER,31,,,,,38,8.41,5,23
abdul-samad,ABDUL SAMAD,ALL ROUNDER,2000000,POT 17 · UNCAPPED INDIANS - 3,INDIA,LUCKNOW SUPER GIANTS,ALL ROUNDER,71,857,19.48,45,,,,,
kumar-karthikeya,KUMAR KARTIKEYA,BOWLER,2000000,POT 17 · UNCAPPED INDIANS - 3,INDIA,RAJASTHAN ROYALS,LEFT ARM WRIST SPIN BOWLER,16,,,,,12,8.66,2,22
ramandeep-singh,RAMANDEEP SINGH,ALL ROUNDER,2000000,POT 17 · UNCAPPED INDIANS - 3,INDIA,KOLKATA KNIGHT RIDERS,ALL ROUNDER,39,,,,,7,10.07,3,20
harpreet-brar,HARPREET BRAR,ALL ROUNDER,2000000,POT 17 · UNCAPPED INDIANS - 3,INDIA,PUNJAB KINGS,ALL ROUNDER,51,249,20.75,,,37,8.00,4,30
nehal-wadhera,NEHAL WADHERA,BATTER,2000000,POT 17 · UNCAPPED INDIANS - 3,INDIA,PUNJAB KINGS,LEFT HAND BATSMAN,44,784,23.76,70,,,,,
sachin-baby,SACHIN BABY,ALL ROUNDER,2000000,POT 17 · UNCAPPED INDIANS - 3,INDIA,SUNRISERS HYDERABAD,ALL ROUNDER,20,144,14.40,33,,,,,
basil-thampi,BASIL THAMPI,BOWLER,2000000,POT 17 · UNCAPPED INDIANS - 3,INDIA,SUNRISERS HYDERABAD,RIGHT ARM FAST BOWLER,26,,,,,24,9.83,3,29
shahrukh-khan,SHAHRUKH KHAN,ALL ROUNDER,5000000,POT 17 · UNCAPPED INDIANS - 3,INDIA,GUJARAT TITANS,ALL ROUNDER,64,775,20.39,58,,,,,
aditya-tare,ADITYA TARE,WICKET KEEPER,2000000,POT 17 · UNCAPPED INDIANS - 3,INDIA,MUMBAI INDIANS,WICKETKEEPER,35,339,14.12,59,,,,,
manimaran-siddharth,MANIMARAN SIDDHARTH,BOWLER,2000000,POT 17 · UNCAPPED INDIANS - 3,INDIA,LUCKNOW SUPER GIANTS,LEFT ARM ORTHODOX BOWLER,9,,,,,9,9.13,2,35
rishi-dhawan,RISHI DHAWAN,ALL ROUNDER,5000000,POT 17 · UNCAPPED INDIANS - 3,INDIA,PUNJAB KINGS,ALL ROUNDER,39,210,19.09,,,25,8.08,2,14
shahbaz-ahmed,SHABAZ AHMED,ALL ROUNDER,5000000,POT 17 · UNCAPPED INDIANS - 3,INDIA,LUCKNOW SUPER GIANTS,ALL ROUNDER,63,603,20.79,,,27,9.79,3,7
prasanth-solanki,PRASHANT SOLANKI,BOWLER,2000000,POT 17 · UNCAPPED INDIANS - 3,INDIA,CHENNAI SUPER KINGS,RIGHT ARM LEG SPIN,2,,,,,2,6.33,2,20
suyash-prabhudesai,SUYASH PRABHUDESSAI,BATTER,2000000,POT 17 · UNCAPPED INDIANS - 3,INDIA,ROYAL CHALLENGERS BENGALURU,RIGHT HAND BATSMAN,11,126,12.60,34,,,,,
arjun-tendulkar,ARJUN TENDULKAR,BOWLER,2000000,POT 17 · UNCAPPED INDIANS - 3,INDIA,LUCKNOW SUPER GIANTS,LEFT HAND FAST BOWLER,6,18,18.00,,,4,9.28,1,9
yash-dhull,YASH DHULL,BATTER,2000000,POT 17 · UNCAPPED INDIANS - 3,INDIA,DELHI CAPITALS,RIGHT HAND BATSMAN,4,16,5.33,13,,,,,
ayush-badoni,AYUSH BADONI,ALL ROUNDER,10000000,POT 17 · UNCAPPED INDIANS - 3,INDIA,LUCKNOW SUPER GIANTS,ALL ROUNDER,66,1178,25.61,,,4,9.22,2,4
anuj-rawat,ANUJ RAWAT,WICKET KEEPER,2000000,POT 17 · UNCAPPED INDIANS - 3,INDIA,GUJARAT TITANS,WICKETKEEPER,24,318,19.88,66,,,,,
jake-frazer-mcgruk,JAKE FRASER MCGURK,BATTER,10000000,POT 18 · CAPPED FOREIGNERS 2,AUSTRALIA,DELHI CAPITALS,RIGHT HAND BATSMAN,15,385,25.67,84,,,,,
jhye-richardson,JHYE RICHARDSON,BATTER,15000000,POT 18 · CAPPED FOREIGNERS 2,AUSTRALIA,DELHI CAPITALS,RIGHT HAND BATSMAN,4,,,,,3,10.47,2,41
nathan-ellis,NATHAN ELLIS,BATTER,10000000,POT 18 · CAPPED FOREIGNERS 2,AUSTRALIA,CHENNAI SUPER KINGS,RIGHT HAND BATSMAN,17,,,,,19,8.66,4,30
dushmantha-chameera,DUSHMANTHA CHAMEERA,BATTER,5000000,POT 18 · CAPPED FOREIGNERS 2,SRI LANKA,DELHI CAPITALS,RIGHT HAND BATSMAN,20,,,,,13,9.70,2,17
matt-henry,MATT HENRY,BATTER,10000000,POT 18 · CAPPED FOREIGNERS 2,NEW ZEALAND,CHENNAI SUPER KINGS,RIGHT HAND BATSMAN,9,,,,,4,11.52,2,54
rovman-powell,ROVMAN POWELL,ALL ROUNDER,15000000,POT 18 · CAPPED FOREIGNERS 2,WEST INDIES,DELHI CAPITALS,ALL ROUNDER,40,555,22.20,67,,,,,
nandre-burger,NANDRE BURGER,BOWLER,10000000,POT 18 · CAPPED FOREIGNERS 2,SOUTH AFRICA,RAJASTHAN ROYALS,LEFT ARM FAST BOWLER,19,,,,,21,9.67,2,21
nuwan-thushara,NUWAN THUSHARA,BOWLER,2000000,POT 18 · CAPPED FOREIGNERS 2,SRI LANKA,,,8,,,,,9,9.43,3,28
liam-dawson,LIAM DAWSON,ALL ROUNDER,2000000,POT 18 · CAPPED FOREIGNERS 2,ENGLAND,,ALL ROUNDER,36,,,,,34,7.81,4,20
mitchell-owen,MITCHELL OWEN,BATTER,5000000,POT 18 · CAPPED FOREIGNERS 2,AUSTRALIA,PUNJAB KINGS,RIGHT HAND BATTER,1,,,,,0,0,,
gulbadin-naib,GULBADIN NAIB,ALL ROUNDER,2000000,POT 18 · CAPPED FOREIGNERS 2,AFGHANISTAN,DELHI CAPITALS,ALL ROUNDER,2,19,19,,126.67,,,,
david-payne,DAVID PAYNE,BOWLER,2000000,POT 18 · CAPPED FOREIGNERS 2,ENGLAND,SUNRISERS HYDERABAD,LEFT ARM FAST BOWLER,2,,,,,2,14,2,35
tom-curran,TOM CURRAN,ALL ROUNDER,10000000,POT 19 · CAPPED FOREIGNERS 3,ENGLAND,ROYAL CHALLENGERS BENGALURU,ALL ROUNDER,13,127,25.40,54,,,,,
daniel-sams,DANIEL SAMS,ALL ROUNDER,10000000,POT 19 · CAPPED FOREIGNERS 3,AUSTRALIA,LUCKNOW SUPER GIANTS,ALL ROUNDER,16,44,4.89,15,,,,,
chris-jordan,CHRIS JORDAN,ALL ROUNDER,15000000,POT 19 · CAPPED FOREIGNERS 3,ENGLAND,MUMBAI INDIANS,ALL ROUNDER,34,81,8.10,30,,,,,
matthew-short,MATHEW SHORT,ALL ROUNDER,15000000,POT 19 · CAPPED FOREIGNERS 3,AUSTRALIA,CHENNAI SUPER KINGS,ALL ROUNDER,9,117,19.5,36,,,,,
evin-lewis,EVIN LEWIS,BATTER,15000000,POT 19 · CAPPED FOREIGNERS 3,WEST INDIES,LUCKNOW SUPER GIANTS,LEFT HAND BATSMAN,27,654,27.25,65,,,,,
eshan-malinga,ESHAN MALINGA,BOWLER,15000000,POT 19 · CAPPED FOREIGNERS 3,SRI LANKA,SUNRISERS HYDERABAD,RIGHT ARM PACE BOWLER,22,,,,,33,9.20,4,32
akeal-hosein,AKEAL HOSEIN,ALL ROUNDER,5000000,POT 19 · CAPPED FOREIGNERS 3,WEST INDIES,CHENNAI SUPER KINGS,ALL ROUNDER,8,,,,,9,8.30,4,17
jason-holder,JASON HOLDER,ALL ROUNDER,10000000,POT 19 · CAPPED FOREIGNERS 3,WEST INDIES,GUJARAT TITANS,ALL ROUNDER,57,324,8.58,4/24,,,,,
zak-foulkes,ZAK FOULKES,BOWLER,7500000,POT 19 · CAPPED FOREIGNERS 3,NEW ZEALAND,CHENNAI SUPER KINGS,RIGHT ARM PACE,22,100,8.99,3/20,,,,,
tom-banton,TOM BANTON,BATTER,7500000,POT 19 · CAPPED FOREIGNERS 3,ENGLAND,GUJARAT TITANS,BATSMAN,2,18,,,,,,,
luke-wood,LUKE WOOD,BOWLER,5000000,POT 19 · CAPPED FOREIGNERS 3,ENGLAND,MUMBAI INDIANS,LEFT ARM FAST BOWLER,2,9,11,1/68,,,,,
michael-bracewell,MICHEAL BRACEWELL,ALL ROUNDER,7500000,POT 19 · CAPPED FOREIGNERS 3,NEW ZEALAND,ROYAL CHALLENGERS BENGALURU,ALL ROUNDER,5,58,8.64,2/13,,,,,
shai-hope,SHAI HOPE,BATTER,7500000,POT 19 · CAPPED FOREIGNERS 3,WEST INDIES,DELHI CAPITALS,RIGHT HAND BATTER,9,183,22.8,,150,,,,
william-o-rourke,WILLIAM O’ROURKE,BOWLER,7500000,POT 19 · CAPPED FOREIGNERS 3,NEW ZEALAND,LUCKNOW SUPER GIANTS,RIGHT ARM FAST BOWLER,3,,,,,6,12.94,3,27
spencer-johnson,SPENCER JOHNSON,BOWLER,7500000,POT 19 · CAPPED FOREIGNERS 3,AUSTRALIA,CHENNAI SUPER KINGS,LEFT ARM FAST BOWLER,12,,,,,5,10.39,2,25
bhanuka-rajapaksa,BHANUKA RAJAPAKSA,BATTER,10000000,POT 19 · CAPPED FOREIGNERS 3,SRI LANKA,PUNJAB KINGS,LEFT HAND BATSMAN,13,277,,50,145,,,,
lhuan-dre-pretorius,LHUAN-DRE PRETORIUS,BATTER,7500000,POT 19 · CAPPED FOREIGNERS 3,SOUTH AFRICA,RAJASTHAN ROYALS,LEFT HAND BATSMAN,2,7,3.50,7,,,,,
andre-fletcher,ANDRE FLETCHER,BATTER,5000000,POT 19 · CAPPED FOREIGNERS 3,WEST INDIES,,RIGHT HAND BATTER,,8671,428.71,,,3,8.03,2,18
nikhil-chaudhary,NIKHIL CHAUDHARY,BATTER,5000000,POT 19 · CAPPED FOREIGNERS 3,USA,,RIGHT HAND BATTER,3,26,13.00,,,1,7.00,1,14
blessing-muzarbani,BLESSING MUZARABANI,BOWLER,2000000,POT 19 · CAPPED FOREIGNERS 3,ZIMBABWE,KOLKATA KNIGHT RIDERS,RIGHT ARM FAST BOWLER,2,,,,,4,10.71,4,41
shubham-ranjhane,SHUBHAM RANJANE,BATTER,5000000,POT 19 · CAPPED FOREIGNERS 3,USA,,RIGHT HAND BATTER,4,141,70.50,,,1,6.50,1,6
wiaan-mulder,WIAAN MULDER,ALL ROUNDER,5000000,POT 19 · CAPPED FOREIGNERS 3,SOUTH AFRICA,,ALL ROUNDER,1,9,9.00,9,,,,,
rilee-rossouw,RILEE ROSSOUW,BATTER,7500000,POT 19 · CAPPED FOREIGNERS 3,SOUTH AFRICA,PUNJAB KINGS,LEFT HAND BATSMAN,22,473,23.65,82,,,,,
delano-potgieter,DELANO POTGIETER,ALL ROUNDER,2000000,POT 19 · CAPPED FOREIGNERS 3,SOUTH AFRICA,,ALL ROUNDER,97,1329,30.20,,,49,7.99,5,10
rakibul-hasan,RAKIBUL HASAN,BOWLER,5000000,POT 19 · CAPPED FOREIGNERS 3,BANGLADESH,,RIGHT ARM FAST BOWLER,72,156,8.66,,,71,7.06,3,7
wahidullah-zadran,WAHIDULLAH ZADRAN,BOWLER,2000000,POT 19 · CAPPED FOREIGNERS 3,AFGHANISTAN,,RIGHT ARM OFF BREAK,25,5,2.5,,,33,7.13,4,22
prabhsimran-singh,PRABHSIMRAN SINGH,WICKET KEEPER,15000000,POT 20 · UNCAPPED,INDIA,PUNJAB KINGS,WICKETKEEPER,65,1815,28.81,103,,,,,
tushar-deshpande,TUSHAR DESHPANDE,BOWLER,10000000,POT 20 · UNCAPPED,INDIA,RAJASTHAN ROYALS,RIGHT ARM PACE BOWLER,54,,,,,55,10.11,4,27
akash-madhwal,AKASH MADHWAL,BOWLER,5000000,POT 20 · UNCAPPED,INDIA,CHENNAI SUPER KINGS,RIGHT ARM PACE BOWLER,17,,,,,23,10.06,5,5
suyash-sharma,SUYASH SHARMA,BOWLER,5000000,POT 20 · UNCAPPED,INDIA,ROYAL CHALLENGERS BENGALURU,RIGHT ARM LEG SPIN,39,,,,,27,8.89,3,17
yash-thakur,YASH THAKUR,BOWLER,5000000,POT 20 · UNCAPPED,INDIA,PUNJAB KINGS,RIGHT ARM PACE BOWLER,1,,,,,2,13.75,5,30
yash-dayal,YASH DAYAL,BOWLER,10000000,POT 20 · UNCAPPED,INDIA,ROYAL CHALLENGERS BENGALURU,LEFT ARM PACE BOWLER,43,,,,,41,9.58,3,20
karthik-tyagi,KARTIK TYAGI,BOWLER,10000000,POT 20 · UNCAPPED,INDIA,KOLKATA KNIGHT RIDERS,RIGHT ARM FAST BOWLER,34,,,,,33,9.98,3,22
m-siddharth,M. SIDDHARTH,BOWLER,5000000,POT 20 · UNCAPPED,INDIA,MUMBAI INDIANS,LEFT ARM ORTHODOX BOWLER,9,,,,,9,9.13,2,35
abhimanyu-easwaran,ABHIMANYU EASWARAN,BATTER,5000000,POT 20 · UNCAPPED,INDIA,,RIGHT HAND BATSMAN,,,,,,,,,
dhruv-shorey,DHRUV SHOREY,BATTER,5000000,POT 20 · UNCAPPED,INDIA,CHENNAI SUPER KINGS,RIGHT HAND BATSMAN,2,13,6.50,8,,,,,
kalmesh-nagarkoti,KAMLESH NAGARKOTI,BOWLER,5000000,POT 20 · UNCAPPED,INDIA,DELHI CAPITALS,RIGHT ARM PACE BOWLER,12,,,,,5,9.50,2,13
manan-vohra,MANAN VOHRA,BATTER,5000000,POT 20 · UNCAPPED,INDIA,PUNJAB KINGS,RIGHT HAND BATSMAN,56,1083,22.10,95,,,,,
murgan-ashwin,MURGAN ASHWIN,BOWLER,5000000,POT 20 · UNCAPPED,INDIA,RAJASTHAN ROYALS,RIGHT ARM LEG SPIN,44,,,,,35,8.01,3,21
mukesh-choudhary,MUKESH CHOUDARY,BOWLER,5000000,POT 20 · UNCAPPED,INDIA,CHENNAI SUPER KINGS,LEFT ARM PACE BOWLER,24,,,,,25,9.58,4,46
sai-kishore,SAI KISHORE,ALL ROUNDER,10000000,POT 20 · UNCAPPED,INDIA,GUJARAT TITANS,ALL ROUNDER,28,,,,,33,8.99,4,33
anmolpreet-singh,ANMOLPREET SINGH,BATTER,5000000,POT 20 · UNCAPPED,INDIA,PUNJAB KINGS,RIGHT HAND BATSMAN,9,139,15.44,36,,,,,
gurkeerat-mann-singh,GURKEERAT MANN SINGH,ALL ROUNDER,5000000,POT 20 · UNCAPPED,INDIA,PUNJAB KINGS,ALL ROUNDER,41,511,21.29,65,,,,,
sandeep-warrier,SANDEEP WARRIER,BOWLER,5000000,POT 21 · UNCAPPED 2,INDIA,GUJARAT TITANS,RIGHT ARM PACE BOWLER,10,,,,,8,9.03,3,15
ankul-roy,ANUKUL ROY,ALL ROUNDER,2000000,POT 21 · UNCAPPED 2,INDIA,KOLKATA KNIGHT RIDERS,ALL ROUNDER,26,,,,,15,8.90,2,19
sameer-rizvi,SAMEER RIZVI,ALL ROUNDER,7500000,POT 21 · UNCAPPED 2,INDIA,DELHI CAPITALS,ALL ROUNDER,24,424,30.29,90,,,,,
shashank-singh,SHASHANK SINGH,ALL ROUNDER,10000000,POT 21 · UNCAPPED 2,INDIA,PUNJAB KINGS,ALL ROUNDER,53,,,,,5,9.33,2,20
ankrish-raghuvanshi,ANKRISH RAGUVANSHI,ALL ROUNDER,10000000,POT 21 · UNCAPPED 2,INDIA,KOLKATA KNIGHT RIDERS,ALL ROUNDER,34,885,34.04,82,,,,,
ayush-mhatre,AYUSH MATHRE,BATTER,15000000,POT 21 · UNCAPPED 2,INDIA,CHENNAI SUPER KINGS,RIGHT HAND BATTER,13,411,33.92,94,,,,,
yudhvir-singh,YUDHVIR SINGH,BOWLER,7500000,POT 21 · UNCAPPED 2,INDIA,RAJASTHAN ROYALS,RIGHT ARM FAST BOWLER,10,,,,,8,10.33,2,24
naman-dhir,NAMAN DHIR,BATTER,10000000,POT 21 · UNCAPPED 2,INDIA,MUMBAI INDIANS,RIGHT HAND BATTER,37,710,27.31,62,,,,,
suryansh-shedge,SURYANSH SHEGDE,BATTER,7500000,POT 21 · UNCAPPED 2,INDIA,PUNJAB KINGS,RIGHT HAND BATTER,5,20,,15,133.33,,,,
vijaykumar-vyshak,VIJAYKUMAR VYSHAK,BOWLER,10000000,POT 22 · UNCAPPED 3,INDIA,PUNJAB KINGS,RIGHT ARM PACE BOWLER,26,,,,,26,10.47,3,20
jagdeesha-suchith,JAGADEESHA SUCHITH,BOWLER,2000000,POT 22 · UNCAPPED 3,INDIA,SUNRISERS HYDERABAD,LEFT ARM ORTHODOX BOWLER,22,,,,,19,8.60,2,12
priyan-garg,PRIYAM GARG,BATTER,2000000,POT 22 · UNCAPPED 3,INDIA,DELHI CAPITALS,RIGHT HAND BATSMAN,23,273,15.2,51,,,,,
vaibhav-arora,VAIBHAV ARORA,BOWLER,2000000,POT 22 · UNCAPPED 3,INDIA,KOLKATA KNIGHT RIDERS,RIGHT ARM PACE BOWLER,43,,,,,47,9.74,3,27
vipraj-nigam,VIPRAJ NIGAM,ALL ROUNDER,7500000,POT 22 · UNCAPPED 3,INDIA,DELHI CAPITALS,ALL ROUNDER,19,,,,,13,9.77,2,18
digvesh-rathi,DIGVESH RATHI,BOWLER,2000000,POT 22 · UNCAPPED 3,INDIA,LUCKNOW SUPER GIANTS,RIGHT ARM LEG SPINNER,43,,,,,47,9.74,3,27
sakib-hussain,SAKIB HUSSAIN,BOWLER,2000000,POT 22 · UNCAPPED 3,INDIA,,,11,,,,,15,9.45,4,24
ashwani-kumar,ASHWANI KUMAR,BOWLER,2000000,POT 22 · UNCAPPED 3,INDIA,,,10,,,,,17,10.95,3,28
praful-hinge,PRAFUL HINGE,BOWLER,2000000,POT 22 · UNCAPPED 3,INDIA,,,7,,,,,14,11.73,4,34
vignesh-puthur,VIGNESH PUTHUR,BOWLER,2000000,POT 22 · UNCAPPED 3,INDIA,,,5,,,,,6,9.08,3,32
sumit-kumar,SUMIT KUMAR,BOWLER,2000000,POT 22 · UNCAPPED 3,INDIA,,,4,,,,,0,11.40,,
krish-bhagat,KRISH BHAGAT,BOWLER,2000000,POT 22 · UNCAPPED 3,INDIA,,,3,,,,,0,10.50,0,10
prashant-veer,PRASHANT VEER,ALL ROUNDER,5000000,POT 22 · UNCAPPED 3,INDIA,CHENNAI SUPER KINGS,ALL ROUNDER,6,90,45.00,,,2,11.10,0,25
kartik-sharma,KARTHIK SHARMA,BATTER,7500000,POT 22 · UNCAPPED 3,INDIA,CHENNAI SUPER KINGS,RIGHT HAND BATTER,11,295,32.78,71,,,,,
brijesh-sharma,BRIJESH SHARMA,BOWLER,5000000,POT 22 · UNCAPPED 3,INDIA,RAJASTHAN ROYALS,RIGHT ARM FAST BOWLER,13,,,,,14,9.89,2,18
yash-raj-punja,YASH RAJ PUNJA,BOWLER,5000000,POT 22 · UNCAPPED 3,INDIA,RAJASTHAN ROYALS,RIGHT ARM LEG SPINNER,8,,,,,9,9.30,2,35
abhinav-manohar,ABHINAV MANOHAR,BATTER,7500000,POT 22 · UNCAPPED 3,INDIA,SUNRISERS HYDERABAD,RIGHT HAND BATTER,27,292,15.37,43,,,,,
